run_id,latent_dim,metric_name,accumulation_method,value
1,1,log_likelihood,mean,37.133487
2,2,log_likelihood,mean,762.710298
3,3,log_likelihood,mean,654.228117
4,4,log_likelihood,mean,1124.498971
5,5,log_likelihood,mean,1658.478597
6,6,log_likelihood,mean,833.339391
7,7,log_likelihood,mean,2273.112546
8,8,log_likelihood,mean,1847.741245
9,9,log_likelihood,mean,2197.700999
10,10,log_likelihood,mean,2547.940282
11,11,log_likelihood,mean,2620.947321
12,12,log_likelihood,mean,1904.032827
13,13,log_likelihood,mean,2914.174008
14,14,log_likelihood,mean,2943.371712
15,15,log_likelihood,mean,2007.412128
16,16,log_likelihood,mean,3542.394419
17,17,log_likelihood,mean,3780.389323
18,18,log_likelihood,mean,3404.277391
19,19,log_likelihood,mean,3198.181783
20,20,log_likelihood,mean,3505.466118
21,21,log_likelihood,mean,3568.200303
22,22,log_likelihood,mean,3943.496786
23,23,log_likelihood,mean,3292.965670
24,24,log_likelihood,mean,3544.400126
25,25,log_likelihood,mean,3811.795669
26,26,log_likelihood,mean,3287.236634
27,27,log_likelihood,mean,3634.771798
28,28,log_likelihood,mean,3624.570433
29,29,log_likelihood,mean,4753.684014
30,30,log_likelihood,mean,4500.064884
31,31,log_likelihood,mean,4909.722593
32,32,log_likelihood,mean,4297.597996
33,33,log_likelihood,mean,4557.286771
35,35,log_likelihood,mean,4306.040366
36,36,log_likelihood,mean,4891.324806
37,37,log_likelihood,mean,5203.688681
38,38,log_likelihood,mean,5010.566866
51,1,log_likelihood,mean,331.639421
53,3,log_likelihood,mean,1062.301200
54,4,log_likelihood,mean,1117.939108
55,5,log_likelihood,mean,758.807669
56,6,log_likelihood,mean,848.302812
57,7,log_likelihood,mean,1458.768588
58,8,log_likelihood,mean,1739.938907
59,9,log_likelihood,mean,1977.691817
60,10,log_likelihood,mean,2027.589786
61,11,log_likelihood,mean,2963.296113
62,12,log_likelihood,mean,2730.705953
63,13,log_likelihood,mean,2867.691645
64,14,log_likelihood,mean,2563.816325
65,15,log_likelihood,mean,3284.532170
66,16,log_likelihood,mean,3314.678215
67,17,log_likelihood,mean,3708.224437
68,18,log_likelihood,mean,1804.951718
69,19,log_likelihood,mean,3963.156922
70,20,log_likelihood,mean,1903.281338
71,21,log_likelihood,mean,4131.296614
72,22,log_likelihood,mean,3830.093699
73,23,log_likelihood,mean,4028.036501
74,24,log_likelihood,mean,4119.622409
75,25,log_likelihood,mean,3793.904821
76,26,log_likelihood,mean,4558.631675
77,27,log_likelihood,mean,4179.971619
78,28,log_likelihood,mean,4720.893219
79,29,log_likelihood,mean,4786.310756
80,30,log_likelihood,mean,3716.657431
81,31,log_likelihood,mean,5161.539548
82,32,log_likelihood,mean,3732.424355
83,33,log_likelihood,mean,4379.213431
84,34,log_likelihood,mean,4742.279632
86,36,log_likelihood,mean,4398.107567
87,37,log_likelihood,mean,5442.879649
90,40,log_likelihood,mean,5480.190226
92,42,log_likelihood,mean,6100.734767
101,1,log_likelihood,mean,118.964554
102,2,log_likelihood,mean,661.230807
103,3,log_likelihood,mean,1080.925359
104,4,log_likelihood,mean,1525.562595
105,5,log_likelihood,mean,1360.323751
106,6,log_likelihood,mean,1264.633120
107,7,log_likelihood,mean,1209.422300
108,8,log_likelihood,mean,1924.596958
109,9,log_likelihood,mean,2437.267291
110,10,log_likelihood,mean,2144.646417
111,11,log_likelihood,mean,2683.223156
112,12,log_likelihood,mean,2781.420261
113,13,log_likelihood,mean,2650.471016
114,14,log_likelihood,mean,3029.526005
115,15,log_likelihood,mean,1467.447592
116,16,log_likelihood,mean,3018.025244
117,17,log_likelihood,mean,2750.576685
118,18,log_likelihood,mean,3226.874872
119,19,log_likelihood,mean,3259.182794
120,20,log_likelihood,mean,4273.229510
121,21,log_likelihood,mean,3169.283322
122,22,log_likelihood,mean,3362.897773
123,23,log_likelihood,mean,3848.832582
124,24,log_likelihood,mean,3492.619509
125,25,log_likelihood,mean,4862.548921
126,26,log_likelihood,mean,3647.763937
127,27,log_likelihood,mean,4110.454507
128,28,log_likelihood,mean,4356.947344
129,29,log_likelihood,mean,4521.893348
130,30,log_likelihood,mean,4342.527274
131,31,log_likelihood,mean,4524.807538
133,33,log_likelihood,mean,4695.861816
134,34,log_likelihood,mean,5110.892828
135,35,log_likelihood,mean,5630.965308
136,36,log_likelihood,mean,4735.134091
138,38,log_likelihood,mean,4938.799282
139,39,log_likelihood,mean,4878.428637
145,45,log_likelihood,mean,5893.719044
151,1,log_likelihood,mean,71.441902
152,2,log_likelihood,mean,543.662142
153,3,log_likelihood,mean,789.959567
154,4,log_likelihood,mean,555.481709
155,5,log_likelihood,mean,740.988558
156,6,log_likelihood,mean,960.078054
157,7,log_likelihood,mean,1256.877133
158,8,log_likelihood,mean,1292.271377
159,9,log_likelihood,mean,2405.835920
160,10,log_likelihood,mean,2396.068499
161,11,log_likelihood,mean,2238.974687
162,12,log_likelihood,mean,2527.594794
163,13,log_likelihood,mean,3431.150328
164,14,log_likelihood,mean,2640.174067
165,15,log_likelihood,mean,3038.827779
166,16,log_likelihood,mean,3005.687170
167,17,log_likelihood,mean,3495.509359
168,18,log_likelihood,mean,3515.668586
169,19,log_likelihood,mean,2966.322322
170,20,log_likelihood,mean,4259.731911
171,21,log_likelihood,mean,4463.026988
172,22,log_likelihood,mean,3707.179472
173,23,log_likelihood,mean,3659.631101
174,24,log_likelihood,mean,4384.196646
175,25,log_likelihood,mean,3473.369068
176,26,log_likelihood,mean,4580.132822
177,27,log_likelihood,mean,4213.447921
178,28,log_likelihood,mean,4204.492278
179,29,log_likelihood,mean,3771.981315
180,30,log_likelihood,mean,4821.297163
181,31,log_likelihood,mean,3680.109587
182,32,log_likelihood,mean,5032.702731
183,33,log_likelihood,mean,5344.970960
184,34,log_likelihood,mean,4686.302823
186,36,log_likelihood,mean,4640.175145
189,39,log_likelihood,mean,4927.064705
192,42,log_likelihood,mean,5999.831213
193,43,log_likelihood,mean,4986.233068
201,1,log_likelihood,mean,-35.859764
202,2,log_likelihood,mean,894.246065
203,3,log_likelihood,mean,877.168435
204,4,log_likelihood,mean,1281.392568
205,5,log_likelihood,mean,777.339899
206,6,log_likelihood,mean,1104.073457
207,7,log_likelihood,mean,1289.622122
208,8,log_likelihood,mean,1913.711857
209,9,log_likelihood,mean,1823.237044
210,10,log_likelihood,mean,2095.129338
211,11,log_likelihood,mean,2575.020057
213,13,log_likelihood,mean,1990.436761
214,14,log_likelihood,mean,2442.230981
215,15,log_likelihood,mean,2923.959642
216,16,log_likelihood,mean,3152.470326
217,17,log_likelihood,mean,2546.204895
218,18,log_likelihood,mean,3480.522742
219,19,log_likelihood,mean,4042.290522
220,20,log_likelihood,mean,3474.096734
221,21,log_likelihood,mean,3613.457584
222,22,log_likelihood,mean,2829.017826
223,23,log_likelihood,mean,3756.642807
224,24,log_likelihood,mean,3418.786614
225,25,log_likelihood,mean,3759.159798
226,26,log_likelihood,mean,4130.702946
227,27,log_likelihood,mean,4378.042618
228,28,log_likelihood,mean,3667.945948
229,29,log_likelihood,mean,4234.160496
230,30,log_likelihood,mean,3942.159888
231,31,log_likelihood,mean,4451.450673
232,32,log_likelihood,mean,3738.407393
233,33,log_likelihood,mean,4560.172657
234,34,log_likelihood,mean,4866.268625
235,35,log_likelihood,mean,5385.662981
236,36,log_likelihood,mean,4943.448265
237,37,log_likelihood,mean,5705.906717
238,38,log_likelihood,mean,5638.584567
240,40,log_likelihood,mean,5647.047074
245,45,log_likelihood,mean,5069.153181
248,48,log_likelihood,mean,5874.921326
1,1,rmse_smoothed,mean,0.361337
2,2,rmse_smoothed,mean,0.015565
3,3,rmse_smoothed,mean,0.005515
4,4,rmse_smoothed,mean,0.009604
5,5,rmse_smoothed,mean,0.008767
6,6,rmse_smoothed,mean,0.009075
7,7,rmse_smoothed,mean,0.004972
8,8,rmse_smoothed,mean,0.007861
9,9,rmse_smoothed,mean,0.005145
10,10,rmse_smoothed,mean,0.009189
11,11,rmse_smoothed,mean,0.006574
12,12,rmse_smoothed,mean,0.010165
13,13,rmse_smoothed,mean,0.007554
14,14,rmse_smoothed,mean,0.011977
15,15,rmse_smoothed,mean,0.008060
16,16,rmse_smoothed,mean,0.012142
17,17,rmse_smoothed,mean,0.005686
18,18,rmse_smoothed,mean,0.009912
19,19,rmse_smoothed,mean,0.012049
20,20,rmse_smoothed,mean,0.005272
21,21,rmse_smoothed,mean,0.005633
22,22,rmse_smoothed,mean,0.006879
23,23,rmse_smoothed,mean,0.010886
24,24,rmse_smoothed,mean,0.008726
25,25,rmse_smoothed,mean,0.014521
26,26,rmse_smoothed,mean,0.048287
27,27,rmse_smoothed,mean,0.013010
28,28,rmse_smoothed,mean,0.015774
29,29,rmse_smoothed,mean,0.006849
30,30,rmse_smoothed,mean,0.012582
31,31,rmse_smoothed,mean,0.009842
32,32,rmse_smoothed,mean,0.012919
33,33,rmse_smoothed,mean,0.009830
35,35,rmse_smoothed,mean,0.011295
36,36,rmse_smoothed,mean,0.014342
37,37,rmse_smoothed,mean,0.007904
38,38,rmse_smoothed,mean,0.014774
51,1,rmse_smoothed,mean,0.036964
53,3,rmse_smoothed,mean,0.004628
54,4,rmse_smoothed,mean,0.006549
55,5,rmse_smoothed,mean,0.008672
56,6,rmse_smoothed,mean,0.042389
57,7,rmse_smoothed,mean,0.003857
58,8,rmse_smoothed,mean,0.007108
59,9,rmse_smoothed,mean,0.009216
60,10,rmse_smoothed,mean,0.009850
61,11,rmse_smoothed,mean,0.006647
62,12,rmse_smoothed,mean,0.009102
63,13,rmse_smoothed,mean,0.004324
64,14,rmse_smoothed,mean,0.016350
65,15,rmse_smoothed,mean,0.004947
66,16,rmse_smoothed,mean,0.005249
67,17,rmse_smoothed,mean,0.006687
68,18,rmse_smoothed,mean,0.010039
69,19,rmse_smoothed,mean,0.005051
70,20,rmse_smoothed,mean,0.025613
71,21,rmse_smoothed,mean,0.008927
72,22,rmse_smoothed,mean,0.008797
73,23,rmse_smoothed,mean,0.008567
74,24,rmse_smoothed,mean,0.007294
75,25,rmse_smoothed,mean,0.007733
76,26,rmse_smoothed,mean,0.005986
77,27,rmse_smoothed,mean,0.025721
78,28,rmse_smoothed,mean,0.007997
79,29,rmse_smoothed,mean,0.006279
80,30,rmse_smoothed,mean,0.006194
81,31,rmse_smoothed,mean,0.011728
82,32,rmse_smoothed,mean,0.010108
83,33,rmse_smoothed,mean,0.012714
84,34,rmse_smoothed,mean,0.006164
86,36,rmse_smoothed,mean,0.017912
87,37,rmse_smoothed,mean,0.015816
90,40,rmse_smoothed,mean,0.011471
92,42,rmse_smoothed,mean,0.010691
101,1,rmse_smoothed,mean,2.538608
102,2,rmse_smoothed,mean,0.007569
103,3,rmse_smoothed,mean,0.006662
104,4,rmse_smoothed,mean,0.009236
105,5,rmse_smoothed,mean,0.007740
106,6,rmse_smoothed,mean,0.015073
107,7,rmse_smoothed,mean,0.010382
108,8,rmse_smoothed,mean,0.006499
109,9,rmse_smoothed,mean,0.006392
110,10,rmse_smoothed,mean,0.010874
111,11,rmse_smoothed,mean,0.010335
112,12,rmse_smoothed,mean,0.007121
113,13,rmse_smoothed,mean,0.006216
114,14,rmse_smoothed,mean,0.005243
115,15,rmse_smoothed,mean,0.027565
116,16,rmse_smoothed,mean,0.007100
117,17,rmse_smoothed,mean,0.014175
118,18,rmse_smoothed,mean,0.016784
119,19,rmse_smoothed,mean,0.014940
120,20,rmse_smoothed,mean,0.007005
121,21,rmse_smoothed,mean,0.024192
122,22,rmse_smoothed,mean,0.031427
123,23,rmse_smoothed,mean,0.008698
124,24,rmse_smoothed,mean,0.007552
125,25,rmse_smoothed,mean,0.006562
126,26,rmse_smoothed,mean,0.009191
127,27,rmse_smoothed,mean,0.013102
128,28,rmse_smoothed,mean,0.014747
129,29,rmse_smoothed,mean,0.012015
130,30,rmse_smoothed,mean,0.008336
131,31,rmse_smoothed,mean,0.009029
133,33,rmse_smoothed,mean,0.016839
134,34,rmse_smoothed,mean,0.008732
135,35,rmse_smoothed,mean,0.012106
136,36,rmse_smoothed,mean,0.009248
138,38,rmse_smoothed,mean,0.005211
139,39,rmse_smoothed,mean,0.012906
145,45,rmse_smoothed,mean,0.014378
151,1,rmse_smoothed,mean,0.342840
152,2,rmse_smoothed,mean,0.020815
153,3,rmse_smoothed,mean,0.015671
154,4,rmse_smoothed,mean,0.012859
155,5,rmse_smoothed,mean,0.026355
156,6,rmse_smoothed,mean,0.014311
157,7,rmse_smoothed,mean,0.014005
158,8,rmse_smoothed,mean,0.008026
159,9,rmse_smoothed,mean,0.007908
160,10,rmse_smoothed,mean,0.004965
161,11,rmse_smoothed,mean,0.004992
162,12,rmse_smoothed,mean,0.008057
163,13,rmse_smoothed,mean,0.004425
164,14,rmse_smoothed,mean,0.006364
165,15,rmse_smoothed,mean,0.004841
166,16,rmse_smoothed,mean,0.008301
167,17,rmse_smoothed,mean,0.015308
168,18,rmse_smoothed,mean,0.009380
169,19,rmse_smoothed,mean,0.013303
170,20,rmse_smoothed,mean,0.004708
171,21,rmse_smoothed,mean,0.006601
172,22,rmse_smoothed,mean,0.010297
173,23,rmse_smoothed,mean,0.009868
174,24,rmse_smoothed,mean,0.008060
175,25,rmse_smoothed,mean,0.007762
176,26,rmse_smoothed,mean,0.011130
177,27,rmse_smoothed,mean,0.009473
178,28,rmse_smoothed,mean,0.010854
179,29,rmse_smoothed,mean,0.022472
180,30,rmse_smoothed,mean,0.008223
181,31,rmse_smoothed,mean,0.010416
182,32,rmse_smoothed,mean,0.009274
183,33,rmse_smoothed,mean,0.011655
184,34,rmse_smoothed,mean,0.010954
186,36,rmse_smoothed,mean,0.008909
189,39,rmse_smoothed,mean,0.012703
192,42,rmse_smoothed,mean,0.016545
193,43,rmse_smoothed,mean,0.009924
201,1,rmse_smoothed,mean,0.438727
202,2,rmse_smoothed,mean,0.008412
203,3,rmse_smoothed,mean,0.007055
204,4,rmse_smoothed,mean,0.004564
205,5,rmse_smoothed,mean,0.017071
206,6,rmse_smoothed,mean,0.009384
207,7,rmse_smoothed,mean,0.009498
208,8,rmse_smoothed,mean,0.008448
209,9,rmse_smoothed,mean,0.006889
210,10,rmse_smoothed,mean,0.010179
211,11,rmse_smoothed,mean,0.011385
213,13,rmse_smoothed,mean,0.007899
214,14,rmse_smoothed,mean,0.010085
215,15,rmse_smoothed,mean,0.011196
216,16,rmse_smoothed,mean,0.005703
217,17,rmse_smoothed,mean,0.014368
218,18,rmse_smoothed,mean,0.016814
219,19,rmse_smoothed,mean,0.005800
220,20,rmse_smoothed,mean,0.013339
221,21,rmse_smoothed,mean,0.016541
222,22,rmse_smoothed,mean,0.007745
223,23,rmse_smoothed,mean,0.008670
224,24,rmse_smoothed,mean,0.010711
225,25,rmse_smoothed,mean,0.005714
226,26,rmse_smoothed,mean,0.010909
227,27,rmse_smoothed,mean,0.014647
228,28,rmse_smoothed,mean,0.014156
229,29,rmse_smoothed,mean,0.006585
230,30,rmse_smoothed,mean,0.013389
231,31,rmse_smoothed,mean,0.012834
232,32,rmse_smoothed,mean,0.021359
233,33,rmse_smoothed,mean,0.023957
234,34,rmse_smoothed,mean,0.005056
235,35,rmse_smoothed,mean,0.013548
236,36,rmse_smoothed,mean,0.007169
237,37,rmse_smoothed,mean,0.008160
238,38,rmse_smoothed,mean,0.009463
240,40,rmse_smoothed,mean,0.007384
245,45,rmse_smoothed,mean,0.008447
248,48,rmse_smoothed,mean,0.007811
1,1,rmse_rollout,mean,3.040905
2,2,rmse_rollout,mean,2.404946
3,3,rmse_rollout,mean,2.979274
4,4,rmse_rollout,mean,1.743848
5,5,rmse_rollout,mean,1.924352
6,6,rmse_rollout,mean,1.980197
7,7,rmse_rollout,mean,1.967820
8,8,rmse_rollout,mean,1.590666
9,9,rmse_rollout,mean,1.414997
10,10,rmse_rollout,mean,1.898297
11,11,rmse_rollout,mean,2.015515
12,12,rmse_rollout,mean,1.646008
13,13,rmse_rollout,mean,1.965689
14,14,rmse_rollout,mean,1.764788
15,15,rmse_rollout,mean,1.891818
16,16,rmse_rollout,mean,1.919923
17,17,rmse_rollout,mean,2.001106
18,18,rmse_rollout,mean,1.971949
19,19,rmse_rollout,mean,1.959748
20,20,rmse_rollout,mean,3.267849
21,21,rmse_rollout,mean,2.687422
22,22,rmse_rollout,mean,2.799305
23,23,rmse_rollout,mean,1.910648
24,24,rmse_rollout,mean,1.884654
25,25,rmse_rollout,mean,1.874188
26,26,rmse_rollout,mean,1.845252
27,27,rmse_rollout,mean,1.891672
28,28,rmse_rollout,mean,1.893541
29,29,rmse_rollout,mean,1.966178
30,30,rmse_rollout,mean,1.892593
31,31,rmse_rollout,mean,1.892507
32,32,rmse_rollout,mean,1.919899
33,33,rmse_rollout,mean,1.892294
35,35,rmse_rollout,mean,2.077231
36,36,rmse_rollout,mean,1.969906
37,37,rmse_rollout,mean,2.112670
38,38,rmse_rollout,mean,1.894680
51,1,rmse_rollout,mean,2.484780
53,3,rmse_rollout,mean,1.904078
54,4,rmse_rollout,mean,2.551478
55,5,rmse_rollout,mean,1.885446
56,6,rmse_rollout,mean,1.869630
57,7,rmse_rollout,mean,2.665384
58,8,rmse_rollout,mean,1.891503
59,9,rmse_rollout,mean,1.786361
60,10,rmse_rollout,mean,1.938389
61,11,rmse_rollout,mean,1.914883
62,12,rmse_rollout,mean,1.893081
63,13,rmse_rollout,mean,1.886350
64,14,rmse_rollout,mean,1.892188
65,15,rmse_rollout,mean,1.979964
66,16,rmse_rollout,mean,1.617808
67,17,rmse_rollout,mean,1.977744
68,18,rmse_rollout,mean,2.020442
69,19,rmse_rollout,mean,1.946745
70,20,rmse_rollout,mean,1.844084
71,21,rmse_rollout,mean,1.623342
72,22,rmse_rollout,mean,1.891396
73,23,rmse_rollout,mean,1.679664
74,24,rmse_rollout,mean,1.939777
75,25,rmse_rollout,mean,1.913204
76,26,rmse_rollout,mean,2.076799
77,27,rmse_rollout,mean,1.753224
78,28,rmse_rollout,mean,2.337689
79,29,rmse_rollout,mean,2.011142
80,30,rmse_rollout,mean,1.626585
81,31,rmse_rollout,mean,1.892508
82,32,rmse_rollout,mean,2.504170
83,33,rmse_rollout,mean,1.892935
84,34,rmse_rollout,mean,2.322881
86,36,rmse_rollout,mean,1.892511
87,37,rmse_rollout,mean,1.960191
90,40,rmse_rollout,mean,1.892926
92,42,rmse_rollout,mean,1.892366
101,1,rmse_rollout,mean,2.589634
102,2,rmse_rollout,mean,2.619405
103,3,rmse_rollout,mean,1.771745
104,4,rmse_rollout,mean,1.092068
105,5,rmse_rollout,mean,1.439629
106,6,rmse_rollout,mean,1.858201
107,7,rmse_rollout,mean,2.454732
108,8,rmse_rollout,mean,2.656212
109,9,rmse_rollout,mean,1.774231
110,10,rmse_rollout,mean,2.039889
111,11,rmse_rollout,mean,1.732024
112,12,rmse_rollout,mean,1.548211
113,13,rmse_rollout,mean,1.924480
114,14,rmse_rollout,mean,1.870302
115,15,rmse_rollout,mean,1.900055
116,16,rmse_rollout,mean,2.884781
117,17,rmse_rollout,mean,1.896908
118,18,rmse_rollout,mean,1.647898
119,19,rmse_rollout,mean,2.155975
120,20,rmse_rollout,mean,1.826962
121,21,rmse_rollout,mean,1.942337
122,22,rmse_rollout,mean,1.898275
123,23,rmse_rollout,mean,1.733735
124,24,rmse_rollout,mean,1.797125
125,25,rmse_rollout,mean,1.531905
126,26,rmse_rollout,mean,1.892578
127,27,rmse_rollout,mean,1.892127
128,28,rmse_rollout,mean,1.892675
129,29,rmse_rollout,mean,1.891680
130,30,rmse_rollout,mean,1.937226
131,31,rmse_rollout,mean,1.892190
133,33,rmse_rollout,mean,2.007484
134,34,rmse_rollout,mean,2.116619
135,35,rmse_rollout,mean,1.913545
136,36,rmse_rollout,mean,1.791048
138,38,rmse_rollout,mean,2.927164
139,39,rmse_rollout,mean,1.890102
145,45,rmse_rollout,mean,1.615799
151,1,rmse_rollout,mean,3.392105
152,2,rmse_rollout,mean,4.337001
153,3,rmse_rollout,mean,2.590146
154,4,rmse_rollout,mean,2.684549
155,5,rmse_rollout,mean,1.576422
156,6,rmse_rollout,mean,1.732442
157,7,rmse_rollout,mean,1.959702
158,8,rmse_rollout,mean,1.870353
159,9,rmse_rollout,mean,1.669239
160,10,rmse_rollout,mean,1.517443
161,11,rmse_rollout,mean,2.000775
162,12,rmse_rollout,mean,1.858878
163,13,rmse_rollout,mean,1.969440
164,14,rmse_rollout,mean,1.879546
165,15,rmse_rollout,mean,1.827063
166,16,rmse_rollout,mean,1.891637
167,17,rmse_rollout,mean,1.935543
168,18,rmse_rollout,mean,2.586013
169,19,rmse_rollout,mean,1.772020
170,20,rmse_rollout,mean,1.633287
171,21,rmse_rollout,mean,2.275757
172,22,rmse_rollout,mean,1.604360
173,23,rmse_rollout,mean,1.891635
174,24,rmse_rollout,mean,2.737404
175,25,rmse_rollout,mean,1.771513
176,26,rmse_rollout,mean,1.892787
177,27,rmse_rollout,mean,1.936970
178,28,rmse_rollout,mean,1.892179
179,29,rmse_rollout,mean,1.682391
180,30,rmse_rollout,mean,1.890822
181,31,rmse_rollout,mean,1.905472
182,32,rmse_rollout,mean,1.895044
183,33,rmse_rollout,mean,1.894093
184,34,rmse_rollout,mean,1.993076
186,36,rmse_rollout,mean,1.919415
189,39,rmse_rollout,mean,1.892279
192,42,rmse_rollout,mean,1.895512
193,43,rmse_rollout,mean,2.329639
201,1,rmse_rollout,mean,4.717711
202,2,rmse_rollout,mean,3.294415
203,3,rmse_rollout,mean,1.734809
204,4,rmse_rollout,mean,1.745016
205,5,rmse_rollout,mean,1.299714
206,6,rmse_rollout,mean,3.084652
207,7,rmse_rollout,mean,1.894952
208,8,rmse_rollout,mean,1.855246
209,9,rmse_rollout,mean,1.967167
210,10,rmse_rollout,mean,1.732928
211,11,rmse_rollout,mean,2.168960
213,13,rmse_rollout,mean,1.683529
214,14,rmse_rollout,mean,1.904808
215,15,rmse_rollout,mean,1.893800
216,16,rmse_rollout,mean,1.722449
217,17,rmse_rollout,mean,1.892186
218,18,rmse_rollout,mean,1.764394
219,19,rmse_rollout,mean,2.032881
220,20,rmse_rollout,mean,1.879094
221,21,rmse_rollout,mean,1.891676
222,22,rmse_rollout,mean,1.893839
223,23,rmse_rollout,mean,1.549159
224,24,rmse_rollout,mean,1.800115
225,25,rmse_rollout,mean,1.931708
226,26,rmse_rollout,mean,1.891440
227,27,rmse_rollout,mean,1.908703
228,28,rmse_rollout,mean,1.991610
229,29,rmse_rollout,mean,1.982961
230,30,rmse_rollout,mean,1.893352
231,31,rmse_rollout,mean,1.891043
232,32,rmse_rollout,mean,1.892024
233,33,rmse_rollout,mean,1.896593
234,34,rmse_rollout,mean,1.892416
235,35,rmse_rollout,mean,1.826212
236,36,rmse_rollout,mean,1.892647
237,37,rmse_rollout,mean,2.084843
238,38,rmse_rollout,mean,1.647847
240,40,rmse_rollout,mean,1.890754
245,45,rmse_rollout,mean,1.893298
248,48,rmse_rollout,mean,3.316068
1,1,rmse_rollout_train,mean,2.900538
2,2,rmse_rollout_train,mean,1.519604
3,3,rmse_rollout_train,mean,0.130002
4,4,rmse_rollout_train,mean,0.019208
5,5,rmse_rollout_train,mean,0.010121
6,6,rmse_rollout_train,mean,0.244694
7,7,rmse_rollout_train,mean,0.006708
8,8,rmse_rollout_train,mean,0.011680
9,9,rmse_rollout_train,mean,0.008506
10,10,rmse_rollout_train,mean,0.011417
11,11,rmse_rollout_train,mean,0.011161
12,12,rmse_rollout_train,mean,0.019543
13,13,rmse_rollout_train,mean,0.017033
14,14,rmse_rollout_train,mean,0.015367
15,15,rmse_rollout_train,mean,0.011475
16,16,rmse_rollout_train,mean,0.013545
17,17,rmse_rollout_train,mean,0.006140
18,18,rmse_rollout_train,mean,0.011068
19,19,rmse_rollout_train,mean,0.013467
20,20,rmse_rollout_train,mean,0.006212
21,21,rmse_rollout_train,mean,0.008523
22,22,rmse_rollout_train,mean,0.007348
23,23,rmse_rollout_train,mean,0.015666
24,24,rmse_rollout_train,mean,0.026973
25,25,rmse_rollout_train,mean,0.015308
26,26,rmse_rollout_train,mean,0.050983
27,27,rmse_rollout_train,mean,0.013405
28,28,rmse_rollout_train,mean,0.017494
29,29,rmse_rollout_train,mean,0.007527
30,30,rmse_rollout_train,mean,0.014245
31,31,rmse_rollout_train,mean,0.011161
32,32,rmse_rollout_train,mean,0.015887
33,33,rmse_rollout_train,mean,0.011680
35,35,rmse_rollout_train,mean,0.022040
36,36,rmse_rollout_train,mean,0.015304
37,37,rmse_rollout_train,mean,0.017640
38,38,rmse_rollout_train,mean,0.019139
51,1,rmse_rollout_train,mean,2.139083
53,3,rmse_rollout_train,mean,0.008200
54,4,rmse_rollout_train,mean,0.022894
55,5,rmse_rollout_train,mean,0.300778
56,6,rmse_rollout_train,mean,0.112630
57,7,rmse_rollout_train,mean,0.040471
58,8,rmse_rollout_train,mean,0.007784
59,9,rmse_rollout_train,mean,0.017531
60,10,rmse_rollout_train,mean,0.021027
61,11,rmse_rollout_train,mean,0.007598
62,12,rmse_rollout_train,mean,0.009538
63,13,rmse_rollout_train,mean,0.005898
64,14,rmse_rollout_train,mean,0.018338
65,15,rmse_rollout_train,mean,0.006010
66,16,rmse_rollout_train,mean,0.006415
67,17,rmse_rollout_train,mean,0.007294
68,18,rmse_rollout_train,mean,0.152409
69,19,rmse_rollout_train,mean,0.005871
70,20,rmse_rollout_train,mean,0.058158
71,21,rmse_rollout_train,mean,0.012793
72,22,rmse_rollout_train,mean,0.009834
73,23,rmse_rollout_train,mean,0.013208
74,24,rmse_rollout_train,mean,0.011823
75,25,rmse_rollout_train,mean,0.010795
76,26,rmse_rollout_train,mean,0.007483
77,27,rmse_rollout_train,mean,0.027012
78,28,rmse_rollout_train,mean,0.010411
79,29,rmse_rollout_train,mean,0.011042
80,30,rmse_rollout_train,mean,0.008082
81,31,rmse_rollout_train,mean,0.013984
82,32,rmse_rollout_train,mean,0.095742
83,33,rmse_rollout_train,mean,0.017665
84,34,rmse_rollout_train,mean,0.028935
86,36,rmse_rollout_train,mean,0.021037
87,37,rmse_rollout_train,mean,0.015544
90,40,rmse_rollout_train,mean,0.012861
92,42,rmse_rollout_train,mean,0.021556
101,1,rmse_rollout_train,mean,2.480461
102,2,rmse_rollout_train,mean,1.005595
103,3,rmse_rollout_train,mean,0.018897
104,4,rmse_rollout_train,mean,0.011576
105,5,rmse_rollout_train,mean,0.018188
106,6,rmse_rollout_train,mean,0.040856
107,7,rmse_rollout_train,mean,0.069008
108,8,rmse_rollout_train,mean,0.009006
109,9,rmse_rollout_train,mean,0.007781
110,10,rmse_rollout_train,mean,0.012773
111,11,rmse_rollout_train,mean,0.011251
112,12,rmse_rollout_train,mean,0.009518
113,13,rmse_rollout_train,mean,0.007391
114,14,rmse_rollout_train,mean,0.011634
115,15,rmse_rollout_train,mean,0.034295
116,16,rmse_rollout_train,mean,0.016219
117,17,rmse_rollout_train,mean,0.022803
118,18,rmse_rollout_train,mean,0.017179
119,19,rmse_rollout_train,mean,0.018615
120,20,rmse_rollout_train,mean,0.007687
121,21,rmse_rollout_train,mean,0.024838
122,22,rmse_rollout_train,mean,0.033558
123,23,rmse_rollout_train,mean,0.009210
124,24,rmse_rollout_train,mean,0.021968
125,25,rmse_rollout_train,mean,0.007236
126,26,rmse_rollout_train,mean,0.011649
127,27,rmse_rollout_train,mean,0.027655
128,28,rmse_rollout_train,mean,0.017731
129,29,rmse_rollout_train,mean,0.020585
130,30,rmse_rollout_train,mean,0.053620
131,31,rmse_rollout_train,mean,0.012244
133,33,rmse_rollout_train,mean,0.016177
134,34,rmse_rollout_train,mean,0.013367
135,35,rmse_rollout_train,mean,0.013979
136,36,rmse_rollout_train,mean,0.013395
138,38,rmse_rollout_train,mean,0.011850
139,39,rmse_rollout_train,mean,0.017436
145,45,rmse_rollout_train,mean,0.018901
151,1,rmse_rollout_train,mean,3.996256
152,2,rmse_rollout_train,mean,5.321140
153,3,rmse_rollout_train,mean,0.035039
154,4,rmse_rollout_train,mean,0.610753
155,5,rmse_rollout_train,mean,0.366213
156,6,rmse_rollout_train,mean,0.223433
157,7,rmse_rollout_train,mean,0.025731
158,8,rmse_rollout_train,mean,0.042669
159,9,rmse_rollout_train,mean,0.010354
160,10,rmse_rollout_train,mean,0.005780
161,11,rmse_rollout_train,mean,0.007065
162,12,rmse_rollout_train,mean,0.010901
163,13,rmse_rollout_train,mean,0.005028
164,14,rmse_rollout_train,mean,0.038740
165,15,rmse_rollout_train,mean,0.005748
166,16,rmse_rollout_train,mean,0.008934
167,17,rmse_rollout_train,mean,0.015466
168,18,rmse_rollout_train,mean,0.010767
169,19,rmse_rollout_train,mean,0.015616
170,20,rmse_rollout_train,mean,0.005403
171,21,rmse_rollout_train,mean,0.008088
172,22,rmse_rollout_train,mean,0.011480
173,23,rmse_rollout_train,mean,0.012165
174,24,rmse_rollout_train,mean,0.016111
175,25,rmse_rollout_train,mean,0.011143
176,26,rmse_rollout_train,mean,0.013858
177,27,rmse_rollout_train,mean,0.019493
178,28,rmse_rollout_train,mean,0.014779
179,29,rmse_rollout_train,mean,0.030595
180,30,rmse_rollout_train,mean,0.009391
181,31,rmse_rollout_train,mean,0.101934
182,32,rmse_rollout_train,mean,0.013613
183,33,rmse_rollout_train,mean,0.019950
184,34,rmse_rollout_train,mean,0.012698
186,36,rmse_rollout_train,mean,0.037805
189,39,rmse_rollout_train,mean,0.023620
192,42,rmse_rollout_train,mean,0.017391
193,43,rmse_rollout_train,mean,0.015930
201,1,rmse_rollout_train,mean,4.402279
202,2,rmse_rollout_train,mean,0.017228
203,3,rmse_rollout_train,mean,1.815890
204,4,rmse_rollout_train,mean,0.133314
205,5,rmse_rollout_train,mean,0.127520
206,6,rmse_rollout_train,mean,0.019861
207,7,rmse_rollout_train,mean,0.027534
208,8,rmse_rollout_train,mean,0.019852
209,9,rmse_rollout_train,mean,0.011175
210,10,rmse_rollout_train,mean,0.011745
211,11,rmse_rollout_train,mean,0.014817
213,13,rmse_rollout_train,mean,0.009049
214,14,rmse_rollout_train,mean,0.010737
215,15,rmse_rollout_train,mean,0.014667
216,16,rmse_rollout_train,mean,0.006793
217,17,rmse_rollout_train,mean,0.014855
218,18,rmse_rollout_train,mean,0.016315
219,19,rmse_rollout_train,mean,0.007205
220,20,rmse_rollout_train,mean,0.018804
221,21,rmse_rollout_train,mean,0.019640
222,22,rmse_rollout_train,mean,0.018070
223,23,rmse_rollout_train,mean,0.010969
224,24,rmse_rollout_train,mean,0.013024
225,25,rmse_rollout_train,mean,0.007263
226,26,rmse_rollout_train,mean,0.012295
227,27,rmse_rollout_train,mean,0.014967
228,28,rmse_rollout_train,mean,0.019773
229,29,rmse_rollout_train,mean,0.082445
230,30,rmse_rollout_train,mean,0.013555
231,31,rmse_rollout_train,mean,0.014593
232,32,rmse_rollout_train,mean,0.022542
233,33,rmse_rollout_train,mean,0.030073
234,34,rmse_rollout_train,mean,0.011680
235,35,rmse_rollout_train,mean,0.015074
236,36,rmse_rollout_train,mean,0.010629
237,37,rmse_rollout_train,mean,0.011019
238,38,rmse_rollout_train,mean,0.018109
240,40,rmse_rollout_train,mean,0.009913
245,45,rmse_rollout_train,mean,0.018801
248,48,rmse_rollout_train,mean,0.155312
1,1,rmse_rollout_prediction,mean,3.175072
2,2,rmse_rollout_prediction,mean,3.042751
3,3,rmse_rollout_prediction,mean,4.211323
4,4,rmse_rollout_prediction,mean,2.466099
5,5,rmse_rollout_prediction,mean,2.721426
6,6,rmse_rollout_prediction,mean,2.789711
7,7,rmse_rollout_prediction,mean,2.782909
8,8,rmse_rollout_prediction,mean,2.249511
9,9,rmse_rollout_prediction,mean,2.001090
10,10,rmse_rollout_prediction,mean,2.684573
11,11,rmse_rollout_prediction,mean,2.850346
12,12,rmse_rollout_prediction,mean,2.327725
13,13,rmse_rollout_prediction,mean,2.779852
14,14,rmse_rollout_prediction,mean,2.495739
15,15,rmse_rollout_prediction,mean,2.675410
16,16,rmse_rollout_prediction,mean,2.715147
17,17,rmse_rollout_prediction,mean,2.829984
18,18,rmse_rollout_prediction,mean,2.788735
19,19,rmse_rollout_prediction,mean,2.771469
20,20,rmse_rollout_prediction,mean,4.621432
21,21,rmse_rollout_prediction,mean,3.800579
22,22,rmse_rollout_prediction,mean,3.958809
23,23,rmse_rollout_prediction,mean,2.702018
24,24,rmse_rollout_prediction,mean,2.665167
25,25,rmse_rollout_prediction,mean,2.650458
26,26,rmse_rollout_prediction,mean,2.609083
27,27,rmse_rollout_prediction,mean,2.675195
28,28,rmse_rollout_prediction,mean,2.677815
29,29,rmse_rollout_prediction,mean,2.780585
30,30,rmse_rollout_prediction,mean,2.676493
31,31,rmse_rollout_prediction,mean,2.676385
32,32,rmse_rollout_prediction,mean,2.715101
33,33,rmse_rollout_prediction,mean,2.676082
35,35,rmse_rollout_prediction,mean,2.937566
36,36,rmse_rollout_prediction,mean,2.785826
37,37,rmse_rollout_prediction,mean,2.987715
38,38,rmse_rollout_prediction,mean,2.679413
51,1,rmse_rollout_prediction,mean,2.787936
53,3,rmse_rollout_prediction,mean,2.692760
54,4,rmse_rollout_prediction,mean,3.608262
55,5,rmse_rollout_prediction,mean,2.649404
56,6,rmse_rollout_prediction,mean,2.641656
57,7,rmse_rollout_prediction,mean,3.769205
58,8,rmse_rollout_prediction,mean,2.674978
59,9,rmse_rollout_prediction,mean,2.526236
60,10,rmse_rollout_prediction,mean,2.741215
61,11,rmse_rollout_prediction,mean,2.708043
62,12,rmse_rollout_prediction,mean,2.677204
63,13,rmse_rollout_prediction,mean,2.667695
64,14,rmse_rollout_prediction,mean,2.675896
65,15,rmse_rollout_prediction,mean,2.800086
66,16,rmse_rollout_prediction,mean,2.287917
67,17,rmse_rollout_prediction,mean,2.796943
68,18,rmse_rollout_prediction,mean,2.853269
69,19,rmse_rollout_prediction,mean,2.753107
70,20,rmse_rollout_prediction,mean,2.607280
71,21,rmse_rollout_prediction,mean,2.295716
72,22,rmse_rollout_prediction,mean,2.674820
73,23,rmse_rollout_prediction,mean,2.375367
74,24,rmse_rollout_prediction,mean,2.743233
75,25,rmse_rollout_prediction,mean,2.705657
76,26,rmse_rollout_prediction,mean,2.937028
77,27,rmse_rollout_prediction,mean,2.479286
78,28,rmse_rollout_prediction,mean,3.305975
79,29,rmse_rollout_prediction,mean,2.844163
80,30,rmse_rollout_prediction,mean,2.300324
81,31,rmse_rollout_prediction,mean,2.676374
82,32,rmse_rollout_prediction,mean,3.540137
83,33,rmse_rollout_prediction,mean,2.676956
84,34,rmse_rollout_prediction,mean,3.284923
86,36,rmse_rollout_prediction,mean,2.676332
87,37,rmse_rollout_prediction,mean,2.772086
90,40,rmse_rollout_prediction,mean,2.676970
92,42,rmse_rollout_prediction,mean,2.676123
101,1,rmse_rollout_prediction,mean,2.694387
102,2,rmse_rollout_prediction,mean,3.565298
103,3,rmse_rollout_prediction,mean,2.505555
104,4,rmse_rollout_prediction,mean,1.544375
105,5,rmse_rollout_prediction,mean,2.035862
106,6,rmse_rollout_prediction,mean,2.627575
107,7,rmse_rollout_prediction,mean,3.470830
108,8,rmse_rollout_prediction,mean,3.756441
109,9,rmse_rollout_prediction,mean,2.509130
110,10,rmse_rollout_prediction,mean,2.884811
111,11,rmse_rollout_prediction,mean,2.449425
112,12,rmse_rollout_prediction,mean,2.189481
113,13,rmse_rollout_prediction,mean,2.721615
114,14,rmse_rollout_prediction,mean,2.644981
115,15,rmse_rollout_prediction,mean,2.686864
116,16,rmse_rollout_prediction,mean,4.079665
117,17,rmse_rollout_prediction,mean,2.682535
118,18,rmse_rollout_prediction,mean,2.330416
119,19,rmse_rollout_prediction,mean,3.048952
120,20,rmse_rollout_prediction,mean,2.583703
121,21,rmse_rollout_prediction,mean,2.746767
122,22,rmse_rollout_prediction,mean,2.684356
123,23,rmse_rollout_prediction,mean,2.451855
124,24,rmse_rollout_prediction,mean,2.541424
125,25,rmse_rollout_prediction,mean,2.166429
126,26,rmse_rollout_prediction,mean,2.676484
127,27,rmse_rollout_prediction,mean,2.675729
128,28,rmse_rollout_prediction,mean,2.676589
129,29,rmse_rollout_prediction,mean,2.675161
130,30,rmse_rollout_prediction,mean,2.739126
131,31,rmse_rollout_prediction,mean,2.675933
133,33,rmse_rollout_prediction,mean,2.838965
134,34,rmse_rollout_prediction,mean,2.993321
135,35,rmse_rollout_prediction,mean,2.706125
136,36,rmse_rollout_prediction,mean,2.532889
138,38,rmse_rollout_prediction,mean,4.139619
139,39,rmse_rollout_prediction,mean,2.672951
145,45,rmse_rollout_prediction,mean,2.285007
151,1,rmse_rollout_prediction,mean,2.653807
152,2,rmse_rollout_prediction,mean,3.050349
153,3,rmse_rollout_prediction,mean,3.662853
154,4,rmse_rollout_prediction,mean,3.747077
155,5,rmse_rollout_prediction,mean,2.199113
156,6,rmse_rollout_prediction,mean,2.439833
157,7,rmse_rollout_prediction,mean,2.771318
158,8,rmse_rollout_prediction,mean,2.644734
159,9,rmse_rollout_prediction,mean,2.360638
160,10,rmse_rollout_prediction,mean,2.145980
161,11,rmse_rollout_prediction,mean,2.829514
162,12,rmse_rollout_prediction,mean,2.628827
163,13,rmse_rollout_prediction,mean,2.785204
164,14,rmse_rollout_prediction,mean,2.657797
165,15,rmse_rollout_prediction,mean,2.583851
166,16,rmse_rollout_prediction,mean,2.675163
167,17,rmse_rollout_prediction,mean,2.737228
168,18,rmse_rollout_prediction,mean,3.657159
169,19,rmse_rollout_prediction,mean,2.505966
170,20,rmse_rollout_prediction,mean,2.309810
171,21,rmse_rollout_prediction,mean,3.218396
172,22,rmse_rollout_prediction,mean,2.268879
173,23,rmse_rollout_prediction,mean,2.675148
174,24,rmse_rollout_prediction,mean,3.871241
175,25,rmse_rollout_prediction,mean,2.505273
176,26,rmse_rollout_prediction,mean,2.676769
177,27,rmse_rollout_prediction,mean,2.739220
178,28,rmse_rollout_prediction,mean,2.675904
179,29,rmse_rollout_prediction,mean,2.379063
180,30,rmse_rollout_prediction,mean,2.674009
181,31,rmse_rollout_prediction,mean,2.692816
182,32,rmse_rollout_prediction,mean,2.679962
183,33,rmse_rollout_prediction,mean,2.678578
184,34,rmse_rollout_prediction,mean,2.818607
186,36,rmse_rollout_prediction,mean,2.714200
189,39,rmse_rollout_prediction,mean,2.675982
192,42,rmse_rollout_prediction,mean,2.680602
193,43,rmse_rollout_prediction,mean,3.294569
201,1,rmse_rollout_prediction,mean,5.013336
202,2,rmse_rollout_prediction,mean,4.658974
203,3,rmse_rollout_prediction,mean,1.649749
204,4,rmse_rollout_prediction,mean,2.464221
205,5,rmse_rollout_prediction,mean,1.833645
206,6,rmse_rollout_prediction,mean,4.362311
207,7,rmse_rollout_prediction,mean,2.679726
208,8,rmse_rollout_prediction,mean,2.623639
209,9,rmse_rollout_prediction,mean,2.781972
210,10,rmse_rollout_prediction,mean,2.450703
211,11,rmse_rollout_prediction,mean,3.067337
213,13,rmse_rollout_prediction,mean,2.380853
214,14,rmse_rollout_prediction,mean,2.693784
215,15,rmse_rollout_prediction,mean,2.678198
216,16,rmse_rollout_prediction,mean,2.435901
217,17,rmse_rollout_prediction,mean,2.675914
218,18,rmse_rollout_prediction,mean,2.495176
219,19,rmse_rollout_prediction,mean,2.874919
220,20,rmse_rollout_prediction,mean,2.657374
221,21,rmse_rollout_prediction,mean,2.675162
222,22,rmse_rollout_prediction,mean,2.678232
223,23,rmse_rollout_prediction,mean,2.190815
224,24,rmse_rollout_prediction,mean,2.545714
225,25,rmse_rollout_prediction,mean,2.731838
226,26,rmse_rollout_prediction,mean,2.674873
227,27,rmse_rollout_prediction,mean,2.699272
228,28,rmse_rollout_prediction,mean,2.816492
229,29,rmse_rollout_prediction,mean,2.803118
230,30,rmse_rollout_prediction,mean,2.677569
231,31,rmse_rollout_prediction,mean,2.674299
232,32,rmse_rollout_prediction,mean,2.675632
233,33,rmse_rollout_prediction,mean,2.682019
234,34,rmse_rollout_prediction,mean,2.676255
235,35,rmse_rollout_prediction,mean,2.582610
236,36,rmse_rollout_prediction,mean,2.676586
237,37,rmse_rollout_prediction,mean,2.948392
238,38,rmse_rollout_prediction,mean,2.330338
240,40,rmse_rollout_prediction,mean,2.673911
245,45,rmse_rollout_prediction,mean,2.677462
248,48,rmse_rollout_prediction,mean,4.687056
1,1,rmse_smoothed_normalized,mean,0.110944
2,2,rmse_smoothed_normalized,mean,0.001663
3,3,rmse_smoothed_normalized,mean,0.001306
4,4,rmse_smoothed_normalized,mean,0.001934
5,5,rmse_smoothed_normalized,mean,0.001349
6,6,rmse_smoothed_normalized,mean,0.001731
7,7,rmse_smoothed_normalized,mean,0.001417
8,8,rmse_smoothed_normalized,mean,0.001320
9,9,rmse_smoothed_normalized,mean,0.001183
10,10,rmse_smoothed_normalized,mean,0.001390
11,11,rmse_smoothed_normalized,mean,0.001406
12,12,rmse_smoothed_normalized,mean,0.001998
13,13,rmse_smoothed_normalized,mean,0.002155
14,14,rmse_smoothed_normalized,mean,0.001791
15,15,rmse_smoothed_normalized,mean,0.001537
16,16,rmse_smoothed_normalized,mean,0.002266
17,17,rmse_smoothed_normalized,mean,0.001668
18,18,rmse_smoothed_normalized,mean,0.001950
19,19,rmse_smoothed_normalized,mean,0.001919
20,20,rmse_smoothed_normalized,mean,0.001187
21,21,rmse_smoothed_normalized,mean,0.001338
22,22,rmse_smoothed_normalized,mean,0.001869
23,23,rmse_smoothed_normalized,mean,0.002192
24,24,rmse_smoothed_normalized,mean,0.002020
25,25,rmse_smoothed_normalized,mean,0.002542
26,26,rmse_smoothed_normalized,mean,0.007532
27,27,rmse_smoothed_normalized,mean,0.002408
28,28,rmse_smoothed_normalized,mean,0.002912
29,29,rmse_smoothed_normalized,mean,0.001691
30,30,rmse_smoothed_normalized,mean,0.001901
31,31,rmse_smoothed_normalized,mean,0.002164
32,32,rmse_smoothed_normalized,mean,0.002297
33,33,rmse_smoothed_normalized,mean,0.001659
35,35,rmse_smoothed_normalized,mean,0.002040
36,36,rmse_smoothed_normalized,mean,0.002526
37,37,rmse_smoothed_normalized,mean,0.001840
38,38,rmse_smoothed_normalized,mean,0.002368
51,1,rmse_smoothed_normalized,mean,0.008984
53,3,rmse_smoothed_normalized,mean,0.000957
54,4,rmse_smoothed_normalized,mean,0.001456
55,5,rmse_smoothed_normalized,mean,0.001447
56,6,rmse_smoothed_normalized,mean,0.006357
57,7,rmse_smoothed_normalized,mean,0.000924
58,8,rmse_smoothed_normalized,mean,0.001417
59,9,rmse_smoothed_normalized,mean,0.001726
60,10,rmse_smoothed_normalized,mean,0.001660
61,11,rmse_smoothed_normalized,mean,0.001605
62,12,rmse_smoothed_normalized,mean,0.001527
63,13,rmse_smoothed_normalized,mean,0.001436
64,14,rmse_smoothed_normalized,mean,0.002957
65,15,rmse_smoothed_normalized,mean,0.001366
66,16,rmse_smoothed_normalized,mean,0.001421
67,17,rmse_smoothed_normalized,mean,0.001396
68,18,rmse_smoothed_normalized,mean,0.001644
69,19,rmse_smoothed_normalized,mean,0.001766
70,20,rmse_smoothed_normalized,mean,0.004351
71,21,rmse_smoothed_normalized,mean,0.001512
72,22,rmse_smoothed_normalized,mean,0.001474
73,23,rmse_smoothed_normalized,mean,0.001651
74,24,rmse_smoothed_normalized,mean,0.001365
75,25,rmse_smoothed_normalized,mean,0.001834
76,26,rmse_smoothed_normalized,mean,0.001306
77,27,rmse_smoothed_normalized,mean,0.004407
78,28,rmse_smoothed_normalized,mean,0.001751
79,29,rmse_smoothed_normalized,mean,0.001320
80,30,rmse_smoothed_normalized,mean,0.001617
81,31,rmse_smoothed_normalized,mean,0.001746
82,32,rmse_smoothed_normalized,mean,0.001915
83,33,rmse_smoothed_normalized,mean,0.002144
84,34,rmse_smoothed_normalized,mean,0.001518
86,36,rmse_smoothed_normalized,mean,0.003326
87,37,rmse_smoothed_normalized,mean,0.002465
90,40,rmse_smoothed_normalized,mean,0.002117
92,42,rmse_smoothed_normalized,mean,0.002144
101,1,rmse_smoothed_normalized,mean,0.112481
102,2,rmse_smoothed_normalized,mean,0.001966
103,3,rmse_smoothed_normalized,mean,0.001147
104,4,rmse_smoothed_normalized,mean,0.002092
105,5,rmse_smoothed_normalized,mean,0.001262
106,6,rmse_smoothed_normalized,mean,0.002616
107,7,rmse_smoothed_normalized,mean,0.002163
108,8,rmse_smoothed_normalized,mean,0.001299
109,9,rmse_smoothed_normalized,mean,0.001295
110,10,rmse_smoothed_normalized,mean,0.002178
111,11,rmse_smoothed_normalized,mean,0.001802
112,12,rmse_smoothed_normalized,mean,0.001390
113,13,rmse_smoothed_normalized,mean,0.001258
114,14,rmse_smoothed_normalized,mean,0.001511
115,15,rmse_smoothed_normalized,mean,0.005953
116,16,rmse_smoothed_normalized,mean,0.001783
117,17,rmse_smoothed_normalized,mean,0.002719
118,18,rmse_smoothed_normalized,mean,0.003020
119,19,rmse_smoothed_normalized,mean,0.002924
120,20,rmse_smoothed_normalized,mean,0.001603
121,21,rmse_smoothed_normalized,mean,0.004867
122,22,rmse_smoothed_normalized,mean,0.004479
123,23,rmse_smoothed_normalized,mean,0.002003
124,24,rmse_smoothed_normalized,mean,0.001845
125,25,rmse_smoothed_normalized,mean,0.001255
126,26,rmse_smoothed_normalized,mean,0.001788
127,27,rmse_smoothed_normalized,mean,0.002600
128,28,rmse_smoothed_normalized,mean,0.002569
129,29,rmse_smoothed_normalized,mean,0.002308
130,30,rmse_smoothed_normalized,mean,0.001792
131,31,rmse_smoothed_normalized,mean,0.001532
133,33,rmse_smoothed_normalized,mean,0.002557
134,34,rmse_smoothed_normalized,mean,0.001825
135,35,rmse_smoothed_normalized,mean,0.002297
136,36,rmse_smoothed_normalized,mean,0.001687
138,38,rmse_smoothed_normalized,mean,0.001492
139,39,rmse_smoothed_normalized,mean,0.002584
145,45,rmse_smoothed_normalized,mean,0.002195
151,1,rmse_smoothed_normalized,mean,0.107283
152,2,rmse_smoothed_normalized,mean,0.004022
153,3,rmse_smoothed_normalized,mean,0.002245
154,4,rmse_smoothed_normalized,mean,0.003378
155,5,rmse_smoothed_normalized,mean,0.003798
156,6,rmse_smoothed_normalized,mean,0.002415
157,7,rmse_smoothed_normalized,mean,0.002521
158,8,rmse_smoothed_normalized,mean,0.001682
159,9,rmse_smoothed_normalized,mean,0.001866
160,10,rmse_smoothed_normalized,mean,0.001120
161,11,rmse_smoothed_normalized,mean,0.001285
162,12,rmse_smoothed_normalized,mean,0.001585
163,13,rmse_smoothed_normalized,mean,0.001062
164,14,rmse_smoothed_normalized,mean,0.001634
165,15,rmse_smoothed_normalized,mean,0.001239
166,16,rmse_smoothed_normalized,mean,0.001972
167,17,rmse_smoothed_normalized,mean,0.002333
168,18,rmse_smoothed_normalized,mean,0.001943
169,19,rmse_smoothed_normalized,mean,0.002215
170,20,rmse_smoothed_normalized,mean,0.001443
171,21,rmse_smoothed_normalized,mean,0.001509
172,22,rmse_smoothed_normalized,mean,0.002055
173,23,rmse_smoothed_normalized,mean,0.001963
174,24,rmse_smoothed_normalized,mean,0.001957
175,25,rmse_smoothed_normalized,mean,0.001476
176,26,rmse_smoothed_normalized,mean,0.002376
177,27,rmse_smoothed_normalized,mean,0.001925
178,28,rmse_smoothed_normalized,mean,0.002414
179,29,rmse_smoothed_normalized,mean,0.003141
180,30,rmse_smoothed_normalized,mean,0.001885
181,31,rmse_smoothed_normalized,mean,0.002525
182,32,rmse_smoothed_normalized,mean,0.001652
183,33,rmse_smoothed_normalized,mean,0.002651
184,34,rmse_smoothed_normalized,mean,0.002164
186,36,rmse_smoothed_normalized,mean,0.001936
189,39,rmse_smoothed_normalized,mean,0.002268
192,42,rmse_smoothed_normalized,mean,0.004084
193,43,rmse_smoothed_normalized,mean,0.002061
201,1,rmse_smoothed_normalized,mean,0.116554
202,2,rmse_smoothed_normalized,mean,0.001863
203,3,rmse_smoothed_normalized,mean,0.001951
204,4,rmse_smoothed_normalized,mean,0.000953
205,5,rmse_smoothed_normalized,mean,0.002923
206,6,rmse_smoothed_normalized,mean,0.002042
207,7,rmse_smoothed_normalized,mean,0.002062
208,8,rmse_smoothed_normalized,mean,0.001858
209,9,rmse_smoothed_normalized,mean,0.001760
210,10,rmse_smoothed_normalized,mean,0.002014
211,11,rmse_smoothed_normalized,mean,0.002406
213,13,rmse_smoothed_normalized,mean,0.001666
214,14,rmse_smoothed_normalized,mean,0.001866
215,15,rmse_smoothed_normalized,mean,0.001913
216,16,rmse_smoothed_normalized,mean,0.001274
217,17,rmse_smoothed_normalized,mean,0.002590
218,18,rmse_smoothed_normalized,mean,0.002598
219,19,rmse_smoothed_normalized,mean,0.001544
220,20,rmse_smoothed_normalized,mean,0.001969
221,21,rmse_smoothed_normalized,mean,0.003129
222,22,rmse_smoothed_normalized,mean,0.001715
223,23,rmse_smoothed_normalized,mean,0.001614
224,24,rmse_smoothed_normalized,mean,0.002284
225,25,rmse_smoothed_normalized,mean,0.001345
226,26,rmse_smoothed_normalized,mean,0.001576
227,27,rmse_smoothed_normalized,mean,0.002585
228,28,rmse_smoothed_normalized,mean,0.002393
229,29,rmse_smoothed_normalized,mean,0.002021
230,30,rmse_smoothed_normalized,mean,0.002696
231,31,rmse_smoothed_normalized,mean,0.002752
232,32,rmse_smoothed_normalized,mean,0.003294
233,33,rmse_smoothed_normalized,mean,0.003626
234,34,rmse_smoothed_normalized,mean,0.001184
235,35,rmse_smoothed_normalized,mean,0.002290
236,36,rmse_smoothed_normalized,mean,0.001586
237,37,rmse_smoothed_normalized,mean,0.001903
238,38,rmse_smoothed_normalized,mean,0.001878
240,40,rmse_smoothed_normalized,mean,0.001751
245,45,rmse_smoothed_normalized,mean,0.001520
248,48,rmse_smoothed_normalized,mean,0.001803
1,1,rmse_rollout_normalized,mean,0.487913
2,2,rmse_rollout_normalized,mean,0.365410
3,3,rmse_rollout_normalized,mean,0.425076
4,4,rmse_rollout_normalized,mean,0.293184
5,5,rmse_rollout_normalized,mean,0.348587
6,6,rmse_rollout_normalized,mean,0.377642
7,7,rmse_rollout_normalized,mean,0.371618
8,8,rmse_rollout_normalized,mean,0.261883
9,9,rmse_rollout_normalized,mean,0.254800
10,10,rmse_rollout_normalized,mean,0.315144
11,11,rmse_rollout_normalized,mean,0.363532
12,12,rmse_rollout_normalized,mean,0.328354
13,13,rmse_rollout_normalized,mean,0.313769
14,14,rmse_rollout_normalized,mean,0.299901
15,15,rmse_rollout_normalized,mean,0.320764
16,16,rmse_rollout_normalized,mean,0.327210
17,17,rmse_rollout_normalized,mean,0.295006
18,18,rmse_rollout_normalized,mean,0.343524
19,19,rmse_rollout_normalized,mean,0.338222
20,20,rmse_rollout_normalized,mean,0.475448
21,21,rmse_rollout_normalized,mean,0.374778
22,22,rmse_rollout_normalized,mean,0.390091
23,23,rmse_rollout_normalized,mean,0.294744
24,24,rmse_rollout_normalized,mean,0.309601
25,25,rmse_rollout_normalized,mean,0.258480
26,26,rmse_rollout_normalized,mean,0.331651
27,27,rmse_rollout_normalized,mean,0.319693
28,28,rmse_rollout_normalized,mean,0.322485
29,29,rmse_rollout_normalized,mean,0.360390
30,30,rmse_rollout_normalized,mean,0.320625
31,31,rmse_rollout_normalized,mean,0.321045
32,32,rmse_rollout_normalized,mean,0.320121
33,33,rmse_rollout_normalized,mean,0.320707
35,35,rmse_rollout_normalized,mean,0.331888
36,36,rmse_rollout_normalized,mean,0.332157
37,37,rmse_rollout_normalized,mean,0.363749
38,38,rmse_rollout_normalized,mean,0.321115
51,1,rmse_rollout_normalized,mean,0.414031
53,3,rmse_rollout_normalized,mean,0.280704
54,4,rmse_rollout_normalized,mean,0.293628
55,5,rmse_rollout_normalized,mean,0.290249
56,6,rmse_rollout_normalized,mean,0.275994
57,7,rmse_rollout_normalized,mean,0.566570
58,8,rmse_rollout_normalized,mean,0.320446
59,9,rmse_rollout_normalized,mean,0.329898
60,10,rmse_rollout_normalized,mean,0.289390
61,11,rmse_rollout_normalized,mean,0.312160
62,12,rmse_rollout_normalized,mean,0.320599
63,13,rmse_rollout_normalized,mean,0.300225
64,14,rmse_rollout_normalized,mean,0.321085
65,15,rmse_rollout_normalized,mean,0.333233
66,16,rmse_rollout_normalized,mean,0.286682
67,17,rmse_rollout_normalized,mean,0.324990
68,18,rmse_rollout_normalized,mean,0.301266
69,19,rmse_rollout_normalized,mean,0.333729
70,20,rmse_rollout_normalized,mean,0.303431
71,21,rmse_rollout_normalized,mean,0.259672
72,22,rmse_rollout_normalized,mean,0.320104
73,23,rmse_rollout_normalized,mean,0.279907
74,24,rmse_rollout_normalized,mean,0.309109
75,25,rmse_rollout_normalized,mean,0.307283
76,26,rmse_rollout_normalized,mean,0.344208
77,27,rmse_rollout_normalized,mean,0.293619
78,28,rmse_rollout_normalized,mean,0.294959
79,29,rmse_rollout_normalized,mean,0.351257
80,30,rmse_rollout_normalized,mean,0.373195
81,31,rmse_rollout_normalized,mean,0.319814
82,32,rmse_rollout_normalized,mean,0.415055
83,33,rmse_rollout_normalized,mean,0.321089
84,34,rmse_rollout_normalized,mean,0.386540
86,36,rmse_rollout_normalized,mean,0.317718
87,37,rmse_rollout_normalized,mean,0.328858
90,40,rmse_rollout_normalized,mean,0.321494
92,42,rmse_rollout_normalized,mean,0.320950
101,1,rmse_rollout_normalized,mean,0.362973
102,2,rmse_rollout_normalized,mean,0.456251
103,3,rmse_rollout_normalized,mean,0.322721
104,4,rmse_rollout_normalized,mean,0.199661
105,5,rmse_rollout_normalized,mean,0.286058
106,6,rmse_rollout_normalized,mean,0.324879
107,7,rmse_rollout_normalized,mean,0.329954
108,8,rmse_rollout_normalized,mean,0.504443
109,9,rmse_rollout_normalized,mean,0.291276
110,10,rmse_rollout_normalized,mean,0.318992
111,11,rmse_rollout_normalized,mean,0.363319
112,12,rmse_rollout_normalized,mean,0.269105
113,13,rmse_rollout_normalized,mean,0.311009
114,14,rmse_rollout_normalized,mean,0.337731
115,15,rmse_rollout_normalized,mean,0.325105
116,16,rmse_rollout_normalized,mean,0.360578
117,17,rmse_rollout_normalized,mean,0.331290
118,18,rmse_rollout_normalized,mean,0.266891
119,19,rmse_rollout_normalized,mean,0.387868
120,20,rmse_rollout_normalized,mean,0.310561
121,21,rmse_rollout_normalized,mean,0.323887
122,22,rmse_rollout_normalized,mean,0.322456
123,23,rmse_rollout_normalized,mean,0.309171
124,24,rmse_rollout_normalized,mean,0.294151
125,25,rmse_rollout_normalized,mean,0.263843
126,26,rmse_rollout_normalized,mean,0.320672
127,27,rmse_rollout_normalized,mean,0.320936
128,28,rmse_rollout_normalized,mean,0.321290
129,29,rmse_rollout_normalized,mean,0.318865
130,30,rmse_rollout_normalized,mean,0.299037
131,31,rmse_rollout_normalized,mean,0.321062
133,33,rmse_rollout_normalized,mean,0.331367
134,34,rmse_rollout_normalized,mean,0.331682
135,35,rmse_rollout_normalized,mean,0.321027
136,36,rmse_rollout_normalized,mean,0.312246
138,38,rmse_rollout_normalized,mean,0.597711
139,39,rmse_rollout_normalized,mean,0.319355
145,45,rmse_rollout_normalized,mean,0.286789
151,1,rmse_rollout_normalized,mean,0.485194
152,2,rmse_rollout_normalized,mean,0.584162
153,3,rmse_rollout_normalized,mean,0.302771
154,4,rmse_rollout_normalized,mean,0.361288
155,5,rmse_rollout_normalized,mean,0.268259
156,6,rmse_rollout_normalized,mean,0.265504
157,7,rmse_rollout_normalized,mean,0.283890
158,8,rmse_rollout_normalized,mean,0.288053
159,9,rmse_rollout_normalized,mean,0.279648
160,10,rmse_rollout_normalized,mean,0.282437
161,11,rmse_rollout_normalized,mean,0.358333
162,12,rmse_rollout_normalized,mean,0.265604
163,13,rmse_rollout_normalized,mean,0.300791
164,14,rmse_rollout_normalized,mean,0.318717
165,15,rmse_rollout_normalized,mean,0.318073
166,16,rmse_rollout_normalized,mean,0.320180
167,17,rmse_rollout_normalized,mean,0.310483
168,18,rmse_rollout_normalized,mean,0.413140
169,19,rmse_rollout_normalized,mean,0.304340
170,20,rmse_rollout_normalized,mean,0.274901
171,21,rmse_rollout_normalized,mean,0.347988
172,22,rmse_rollout_normalized,mean,0.284062
173,23,rmse_rollout_normalized,mean,0.320354
174,24,rmse_rollout_normalized,mean,0.458419
175,25,rmse_rollout_normalized,mean,0.325934
176,26,rmse_rollout_normalized,mean,0.321154
177,27,rmse_rollout_normalized,mean,0.340798
178,28,rmse_rollout_normalized,mean,0.321526
179,29,rmse_rollout_normalized,mean,0.279815
180,30,rmse_rollout_normalized,mean,0.318069
181,31,rmse_rollout_normalized,mean,0.321392
182,32,rmse_rollout_normalized,mean,0.322731
183,33,rmse_rollout_normalized,mean,0.320183
184,34,rmse_rollout_normalized,mean,0.320474
186,36,rmse_rollout_normalized,mean,0.325229
189,39,rmse_rollout_normalized,mean,0.320337
192,42,rmse_rollout_normalized,mean,0.325771
193,43,rmse_rollout_normalized,mean,0.431395
201,1,rmse_rollout_normalized,mean,0.531771
202,2,rmse_rollout_normalized,mean,0.417803
203,3,rmse_rollout_normalized,mean,0.277965
204,4,rmse_rollout_normalized,mean,0.297127
205,5,rmse_rollout_normalized,mean,0.249109
206,6,rmse_rollout_normalized,mean,0.392025
207,7,rmse_rollout_normalized,mean,0.321474
208,8,rmse_rollout_normalized,mean,0.273880
209,9,rmse_rollout_normalized,mean,0.311681
210,10,rmse_rollout_normalized,mean,0.223559
211,11,rmse_rollout_normalized,mean,0.399880
213,13,rmse_rollout_normalized,mean,0.309702
214,14,rmse_rollout_normalized,mean,0.322052
215,15,rmse_rollout_normalized,mean,0.320604
216,16,rmse_rollout_normalized,mean,0.256844
217,17,rmse_rollout_normalized,mean,0.320829
218,18,rmse_rollout_normalized,mean,0.301966
219,19,rmse_rollout_normalized,mean,0.326639
220,20,rmse_rollout_normalized,mean,0.326726
221,21,rmse_rollout_normalized,mean,0.319417
222,22,rmse_rollout_normalized,mean,0.320214
223,23,rmse_rollout_normalized,mean,0.292201
224,24,rmse_rollout_normalized,mean,0.260887
225,25,rmse_rollout_normalized,mean,0.326799
226,26,rmse_rollout_normalized,mean,0.311614
227,27,rmse_rollout_normalized,mean,0.327465
228,28,rmse_rollout_normalized,mean,0.346004
229,29,rmse_rollout_normalized,mean,0.374485
230,30,rmse_rollout_normalized,mean,0.320444
231,31,rmse_rollout_normalized,mean,0.320449
232,32,rmse_rollout_normalized,mean,0.320522
233,33,rmse_rollout_normalized,mean,0.319508
234,34,rmse_rollout_normalized,mean,0.321462
235,35,rmse_rollout_normalized,mean,0.312643
236,36,rmse_rollout_normalized,mean,0.320200
237,37,rmse_rollout_normalized,mean,0.358379
238,38,rmse_rollout_normalized,mean,0.310921
240,40,rmse_rollout_normalized,mean,0.318547
245,45,rmse_rollout_normalized,mean,0.320551
248,48,rmse_rollout_normalized,mean,0.559599
1,1,rmse_rollout_train_normalized,mean,0.401193
2,2,rmse_rollout_train_normalized,mean,0.246177
3,3,rmse_rollout_train_normalized,mean,0.021421
4,4,rmse_rollout_train_normalized,mean,0.003610
5,5,rmse_rollout_train_normalized,mean,0.001527
6,6,rmse_rollout_train_normalized,mean,0.050357
7,7,rmse_rollout_train_normalized,mean,0.001821
8,8,rmse_rollout_train_normalized,mean,0.001882
9,9,rmse_rollout_train_normalized,mean,0.001870
10,10,rmse_rollout_train_normalized,mean,0.001702
11,11,rmse_rollout_train_normalized,mean,0.002207
12,12,rmse_rollout_train_normalized,mean,0.003883
13,13,rmse_rollout_train_normalized,mean,0.003936
14,14,rmse_rollout_train_normalized,mean,0.002262
15,15,rmse_rollout_train_normalized,mean,0.001957
16,16,rmse_rollout_train_normalized,mean,0.002477
17,17,rmse_rollout_train_normalized,mean,0.001696
18,18,rmse_rollout_train_normalized,mean,0.002122
19,19,rmse_rollout_train_normalized,mean,0.002200
20,20,rmse_rollout_train_normalized,mean,0.001376
21,21,rmse_rollout_train_normalized,mean,0.001691
22,22,rmse_rollout_train_normalized,mean,0.001902
23,23,rmse_rollout_train_normalized,mean,0.003347
24,24,rmse_rollout_train_normalized,mean,0.006165
25,25,rmse_rollout_train_normalized,mean,0.002683
26,26,rmse_rollout_train_normalized,mean,0.007958
27,27,rmse_rollout_train_normalized,mean,0.002639
28,28,rmse_rollout_train_normalized,mean,0.003561
29,29,rmse_rollout_train_normalized,mean,0.001747
30,30,rmse_rollout_train_normalized,mean,0.002218
31,31,rmse_rollout_train_normalized,mean,0.002322
32,32,rmse_rollout_train_normalized,mean,0.003074
33,33,rmse_rollout_train_normalized,mean,0.002075
35,35,rmse_rollout_train_normalized,mean,0.004215
36,36,rmse_rollout_train_normalized,mean,0.002886
37,37,rmse_rollout_train_normalized,mean,0.003014
38,38,rmse_rollout_train_normalized,mean,0.003175
51,1,rmse_rollout_train_normalized,mean,0.366461
53,3,rmse_rollout_train_normalized,mean,0.001355
54,4,rmse_rollout_train_normalized,mean,0.003631
55,5,rmse_rollout_train_normalized,mean,0.055100
56,6,rmse_rollout_train_normalized,mean,0.024223
57,7,rmse_rollout_train_normalized,mean,0.008037
58,8,rmse_rollout_train_normalized,mean,0.001689
59,9,rmse_rollout_train_normalized,mean,0.003049
60,10,rmse_rollout_train_normalized,mean,0.003367
61,11,rmse_rollout_train_normalized,mean,0.001693
62,12,rmse_rollout_train_normalized,mean,0.001573
63,13,rmse_rollout_train_normalized,mean,0.001582
64,14,rmse_rollout_train_normalized,mean,0.003353
65,15,rmse_rollout_train_normalized,mean,0.001458
66,16,rmse_rollout_train_normalized,mean,0.001603
67,17,rmse_rollout_train_normalized,mean,0.001541
68,18,rmse_rollout_train_normalized,mean,0.019759
69,19,rmse_rollout_train_normalized,mean,0.001952
70,20,rmse_rollout_train_normalized,mean,0.010267
71,21,rmse_rollout_train_normalized,mean,0.001840
72,22,rmse_rollout_train_normalized,mean,0.001675
73,23,rmse_rollout_train_normalized,mean,0.002430
74,24,rmse_rollout_train_normalized,mean,0.001909
75,25,rmse_rollout_train_normalized,mean,0.001990
76,26,rmse_rollout_train_normalized,mean,0.001563
77,27,rmse_rollout_train_normalized,mean,0.004670
78,28,rmse_rollout_train_normalized,mean,0.002148
79,29,rmse_rollout_train_normalized,mean,0.001845
80,30,rmse_rollout_train_normalized,mean,0.002006
81,31,rmse_rollout_train_normalized,mean,0.002427
82,32,rmse_rollout_train_normalized,mean,0.019081
83,33,rmse_rollout_train_normalized,mean,0.002891
84,34,rmse_rollout_train_normalized,mean,0.004876
86,36,rmse_rollout_train_normalized,mean,0.003648
87,37,rmse_rollout_train_normalized,mean,0.002806
90,40,rmse_rollout_train_normalized,mean,0.002232
92,42,rmse_rollout_train_normalized,mean,0.004874
101,1,rmse_rollout_train_normalized,mean,0.361415
102,2,rmse_rollout_train_normalized,mean,0.176994
103,3,rmse_rollout_train_normalized,mean,0.004520
104,4,rmse_rollout_train_normalized,mean,0.002667
105,5,rmse_rollout_train_normalized,mean,0.003974
106,6,rmse_rollout_train_normalized,mean,0.008799
107,7,rmse_rollout_train_normalized,mean,0.012404
108,8,rmse_rollout_train_normalized,mean,0.001671
109,9,rmse_rollout_train_normalized,mean,0.001612
110,10,rmse_rollout_train_normalized,mean,0.002486
111,11,rmse_rollout_train_normalized,mean,0.002000
112,12,rmse_rollout_train_normalized,mean,0.001647
113,13,rmse_rollout_train_normalized,mean,0.001483
114,14,rmse_rollout_train_normalized,mean,0.002664
115,15,rmse_rollout_train_normalized,mean,0.006422
116,16,rmse_rollout_train_normalized,mean,0.003132
117,17,rmse_rollout_train_normalized,mean,0.003900
118,18,rmse_rollout_train_normalized,mean,0.003243
119,19,rmse_rollout_train_normalized,mean,0.003429
120,20,rmse_rollout_train_normalized,mean,0.001682
121,21,rmse_rollout_train_normalized,mean,0.005546
122,22,rmse_rollout_train_normalized,mean,0.005247
123,23,rmse_rollout_train_normalized,mean,0.002037
124,24,rmse_rollout_train_normalized,mean,0.003215
125,25,rmse_rollout_train_normalized,mean,0.001380
126,26,rmse_rollout_train_normalized,mean,0.002314
127,27,rmse_rollout_train_normalized,mean,0.003993
128,28,rmse_rollout_train_normalized,mean,0.002943
129,29,rmse_rollout_train_normalized,mean,0.003190
130,30,rmse_rollout_train_normalized,mean,0.008632
131,31,rmse_rollout_train_normalized,mean,0.002106
133,33,rmse_rollout_train_normalized,mean,0.002737
134,34,rmse_rollout_train_normalized,mean,0.002333
135,35,rmse_rollout_train_normalized,mean,0.002550
136,36,rmse_rollout_train_normalized,mean,0.002652
138,38,rmse_rollout_train_normalized,mean,0.002796
139,39,rmse_rollout_train_normalized,mean,0.003112
145,45,rmse_rollout_train_normalized,mean,0.003261
151,1,rmse_rollout_train_normalized,mean,0.497530
152,2,rmse_rollout_train_normalized,mean,0.658096
153,3,rmse_rollout_train_normalized,mean,0.005557
154,4,rmse_rollout_train_normalized,mean,0.093586
155,5,rmse_rollout_train_normalized,mean,0.071473
156,6,rmse_rollout_train_normalized,mean,0.030475
157,7,rmse_rollout_train_normalized,mean,0.003360
158,8,rmse_rollout_train_normalized,mean,0.006498
159,9,rmse_rollout_train_normalized,mean,0.002374
160,10,rmse_rollout_train_normalized,mean,0.001395
161,11,rmse_rollout_train_normalized,mean,0.001566
162,12,rmse_rollout_train_normalized,mean,0.001888
163,13,rmse_rollout_train_normalized,mean,0.001145
164,14,rmse_rollout_train_normalized,mean,0.005733
165,15,rmse_rollout_train_normalized,mean,0.001313
166,16,rmse_rollout_train_normalized,mean,0.002067
167,17,rmse_rollout_train_normalized,mean,0.002406
168,18,rmse_rollout_train_normalized,mean,0.002444
169,19,rmse_rollout_train_normalized,mean,0.002348
170,20,rmse_rollout_train_normalized,mean,0.001600
171,21,rmse_rollout_train_normalized,mean,0.001788
172,22,rmse_rollout_train_normalized,mean,0.002263
173,23,rmse_rollout_train_normalized,mean,0.002220
174,24,rmse_rollout_train_normalized,mean,0.002902
175,25,rmse_rollout_train_normalized,mean,0.001997
176,26,rmse_rollout_train_normalized,mean,0.002726
177,27,rmse_rollout_train_normalized,mean,0.003134
178,28,rmse_rollout_train_normalized,mean,0.002658
179,29,rmse_rollout_train_normalized,mean,0.005061
180,30,rmse_rollout_train_normalized,mean,0.002080
181,31,rmse_rollout_train_normalized,mean,0.009941
182,32,rmse_rollout_train_normalized,mean,0.002119
183,33,rmse_rollout_train_normalized,mean,0.003173
184,34,rmse_rollout_train_normalized,mean,0.002455
186,36,rmse_rollout_train_normalized,mean,0.004811
189,39,rmse_rollout_train_normalized,mean,0.004891
192,42,rmse_rollout_train_normalized,mean,0.004276
193,43,rmse_rollout_train_normalized,mean,0.002894
201,1,rmse_rollout_train_normalized,mean,0.465587
202,2,rmse_rollout_train_normalized,mean,0.003555
203,3,rmse_rollout_train_normalized,mean,0.264707
204,4,rmse_rollout_train_normalized,mean,0.023140
205,5,rmse_rollout_train_normalized,mean,0.021796
206,6,rmse_rollout_train_normalized,mean,0.004076
207,7,rmse_rollout_train_normalized,mean,0.005643
208,8,rmse_rollout_train_normalized,mean,0.004012
209,9,rmse_rollout_train_normalized,mean,0.002114
210,10,rmse_rollout_train_normalized,mean,0.002052
211,11,rmse_rollout_train_normalized,mean,0.002890
213,13,rmse_rollout_train_normalized,mean,0.001759
214,14,rmse_rollout_train_normalized,mean,0.002046
215,15,rmse_rollout_train_normalized,mean,0.002296
216,16,rmse_rollout_train_normalized,mean,0.001449
217,17,rmse_rollout_train_normalized,mean,0.002964
218,18,rmse_rollout_train_normalized,mean,0.002666
219,19,rmse_rollout_train_normalized,mean,0.001961
220,20,rmse_rollout_train_normalized,mean,0.003136
221,21,rmse_rollout_train_normalized,mean,0.003570
222,22,rmse_rollout_train_normalized,mean,0.003782
223,23,rmse_rollout_train_normalized,mean,0.001936
224,24,rmse_rollout_train_normalized,mean,0.002531
225,25,rmse_rollout_train_normalized,mean,0.001606
226,26,rmse_rollout_train_normalized,mean,0.001929
227,27,rmse_rollout_train_normalized,mean,0.002806
228,28,rmse_rollout_train_normalized,mean,0.002865
229,29,rmse_rollout_train_normalized,mean,0.011974
230,30,rmse_rollout_train_normalized,mean,0.002718
231,31,rmse_rollout_train_normalized,mean,0.003070
232,32,rmse_rollout_train_normalized,mean,0.004293
233,33,rmse_rollout_train_normalized,mean,0.004397
234,34,rmse_rollout_train_normalized,mean,0.001975
235,35,rmse_rollout_train_normalized,mean,0.002564
236,36,rmse_rollout_train_normalized,mean,0.001983
237,37,rmse_rollout_train_normalized,mean,0.002356
238,38,rmse_rollout_train_normalized,mean,0.002978
240,40,rmse_rollout_train_normalized,mean,0.002181
245,45,rmse_rollout_train_normalized,mean,0.003458
248,48,rmse_rollout_train_normalized,mean,0.021120
1,1,rmse_rollout_prediction_normalized,mean,0.551468
2,2,rmse_rollout_prediction_normalized,mean,0.453990
3,3,rmse_rollout_prediction_normalized,mean,0.600701
4,4,rmse_rollout_prediction_normalized,mean,0.414606
5,5,rmse_rollout_prediction_normalized,mean,0.492973
6,6,rmse_rollout_prediction_normalized,mean,0.531250
7,7,rmse_rollout_prediction_normalized,mean,0.525543
8,8,rmse_rollout_prediction_normalized,mean,0.370353
9,9,rmse_rollout_prediction_normalized,mean,0.360337
10,10,rmse_rollout_prediction_normalized,mean,0.445678
11,11,rmse_rollout_prediction_normalized,mean,0.514107
12,12,rmse_rollout_prediction_normalized,mean,0.464346
13,13,rmse_rollout_prediction_normalized,mean,0.443717
14,14,rmse_rollout_prediction_normalized,mean,0.424118
15,15,rmse_rollout_prediction_normalized,mean,0.453625
16,16,rmse_rollout_prediction_normalized,mean,0.462738
17,17,rmse_rollout_prediction_normalized,mean,0.417198
18,18,rmse_rollout_prediction_normalized,mean,0.485812
19,19,rmse_rollout_prediction_normalized,mean,0.478313
20,20,rmse_rollout_prediction_normalized,mean,0.672384
21,21,rmse_rollout_prediction_normalized,mean,0.530014
22,22,rmse_rollout_prediction_normalized,mean,0.551668
23,23,rmse_rollout_prediction_normalized,mean,0.416814
24,24,rmse_rollout_prediction_normalized,mean,0.437795
25,25,rmse_rollout_prediction_normalized,mean,0.365536
26,26,rmse_rollout_prediction_normalized,mean,0.468955
27,27,rmse_rollout_prediction_normalized,mean,0.452106
28,28,rmse_rollout_prediction_normalized,mean,0.456048
29,29,rmse_rollout_prediction_normalized,mean,0.509665
30,30,rmse_rollout_prediction_normalized,mean,0.453426
31,31,rmse_rollout_prediction_normalized,mean,0.454020
32,32,rmse_rollout_prediction_normalized,mean,0.452708
33,33,rmse_rollout_prediction_normalized,mean,0.453544
35,35,rmse_rollout_prediction_normalized,mean,0.469341
36,36,rmse_rollout_prediction_normalized,mean,0.469733
37,37,rmse_rollout_prediction_normalized,mean,0.514411
38,38,rmse_rollout_prediction_normalized,mean,0.454114
51,1,rmse_rollout_prediction_normalized,mean,0.456024
53,3,rmse_rollout_prediction_normalized,mean,0.396973
54,4,rmse_rollout_prediction_normalized,mean,0.415229
55,5,rmse_rollout_prediction_normalized,mean,0.406716
56,6,rmse_rollout_prediction_normalized,mean,0.389517
57,7,rmse_rollout_prediction_normalized,mean,0.801210
58,8,rmse_rollout_prediction_normalized,mean,0.453175
59,9,rmse_rollout_prediction_normalized,mean,0.466536
60,10,rmse_rollout_prediction_normalized,mean,0.409245
61,11,rmse_rollout_prediction_normalized,mean,0.441457
62,12,rmse_rollout_prediction_normalized,mean,0.453393
63,13,rmse_rollout_prediction_normalized,mean,0.424579
64,14,rmse_rollout_prediction_normalized,mean,0.454070
65,15,rmse_rollout_prediction_normalized,mean,0.471261
66,16,rmse_rollout_prediction_normalized,mean,0.405427
67,17,rmse_rollout_prediction_normalized,mean,0.459602
68,18,rmse_rollout_prediction_normalized,mean,0.425562
69,19,rmse_rollout_prediction_normalized,mean,0.471958
70,20,rmse_rollout_prediction_normalized,mean,0.428990
71,21,rmse_rollout_prediction_normalized,mean,0.367226
72,22,rmse_rollout_prediction_normalized,mean,0.452692
73,23,rmse_rollout_prediction_normalized,mean,0.395840
74,24,rmse_rollout_prediction_normalized,mean,0.437142
75,25,rmse_rollout_prediction_normalized,mean,0.434558
76,26,rmse_rollout_prediction_normalized,mean,0.486781
77,27,rmse_rollout_prediction_normalized,mean,0.415212
78,28,rmse_rollout_prediction_normalized,mean,0.417129
79,29,rmse_rollout_prediction_normalized,mean,0.496749
80,30,rmse_rollout_prediction_normalized,mean,0.527773
81,31,rmse_rollout_prediction_normalized,mean,0.452279
82,32,rmse_rollout_prediction_normalized,mean,0.586652
83,33,rmse_rollout_prediction_normalized,mean,0.454079
84,34,rmse_rollout_prediction_normalized,mean,0.546628
86,36,rmse_rollout_prediction_normalized,mean,0.449306
87,37,rmse_rollout_prediction_normalized,mean,0.465067
90,40,rmse_rollout_prediction_normalized,mean,0.454656
92,42,rmse_rollout_prediction_normalized,mean,0.453865
101,1,rmse_rollout_prediction_normalized,mean,0.363878
102,2,rmse_rollout_prediction_normalized,mean,0.619966
103,3,rmse_rollout_prediction_normalized,mean,0.456374
104,4,rmse_rollout_prediction_normalized,mean,0.282351
105,5,rmse_rollout_prediction_normalized,mean,0.404528
106,6,rmse_rollout_prediction_normalized,mean,0.459359
107,7,rmse_rollout_prediction_normalized,mean,0.466450
108,8,rmse_rollout_prediction_normalized,mean,0.713388
109,9,rmse_rollout_prediction_normalized,mean,0.411923
110,10,rmse_rollout_prediction_normalized,mean,0.451116
111,11,rmse_rollout_prediction_normalized,mean,0.513806
112,12,rmse_rollout_prediction_normalized,mean,0.380568
113,13,rmse_rollout_prediction_normalized,mean,0.439830
114,14,rmse_rollout_prediction_normalized,mean,0.477616
115,15,rmse_rollout_prediction_normalized,mean,0.459720
116,16,rmse_rollout_prediction_normalized,mean,0.509925
117,17,rmse_rollout_prediction_normalized,mean,0.468499
118,18,rmse_rollout_prediction_normalized,mean,0.377425
119,19,rmse_rollout_prediction_normalized,mean,0.548518
120,20,rmse_rollout_prediction_normalized,mean,0.439196
121,21,rmse_rollout_prediction_normalized,mean,0.458011
122,22,rmse_rollout_prediction_normalized,mean,0.455991
123,23,rmse_rollout_prediction_normalized,mean,0.437229
124,24,rmse_rollout_prediction_normalized,mean,0.415981
125,25,rmse_rollout_prediction_normalized,mean,0.373128
126,26,rmse_rollout_prediction_normalized,mean,0.453493
127,27,rmse_rollout_prediction_normalized,mean,0.453855
128,28,rmse_rollout_prediction_normalized,mean,0.454363
129,29,rmse_rollout_prediction_normalized,mean,0.450932
130,30,rmse_rollout_prediction_normalized,mean,0.422808
131,31,rmse_rollout_prediction_normalized,mean,0.454045
133,33,rmse_rollout_prediction_normalized,mean,0.468615
134,34,rmse_rollout_prediction_normalized,mean,0.469063
135,35,rmse_rollout_prediction_normalized,mean,0.453994
136,36,rmse_rollout_prediction_normalized,mean,0.441574
138,38,rmse_rollout_prediction_normalized,mean,0.845287
139,39,rmse_rollout_prediction_normalized,mean,0.451625
145,45,rmse_rollout_prediction_normalized,mean,0.405567
151,1,rmse_rollout_prediction_normalized,mean,0.465100
152,2,rmse_rollout_prediction_normalized,mean,0.494263
153,3,rmse_rollout_prediction_normalized,mean,0.428144
154,4,rmse_rollout_prediction_normalized,mean,0.501225
155,5,rmse_rollout_prediction_normalized,mean,0.372497
156,6,rmse_rollout_prediction_normalized,mean,0.374233
157,7,rmse_rollout_prediction_normalized,mean,0.401467
158,8,rmse_rollout_prediction_normalized,mean,0.407316
159,9,rmse_rollout_prediction_normalized,mean,0.395475
160,10,rmse_rollout_prediction_normalized,mean,0.399424
161,11,rmse_rollout_prediction_normalized,mean,0.506756
162,12,rmse_rollout_prediction_normalized,mean,0.375616
163,13,rmse_rollout_prediction_normalized,mean,0.425381
164,14,rmse_rollout_prediction_normalized,mean,0.450697
165,15,rmse_rollout_prediction_normalized,mean,0.449821
166,16,rmse_rollout_prediction_normalized,mean,0.452797
167,17,rmse_rollout_prediction_normalized,mean,0.439082
168,18,rmse_rollout_prediction_normalized,mean,0.584263
169,19,rmse_rollout_prediction_normalized,mean,0.430395
170,20,rmse_rollout_prediction_normalized,mean,0.388765
171,21,rmse_rollout_prediction_normalized,mean,0.492125
172,22,rmse_rollout_prediction_normalized,mean,0.401719
173,23,rmse_rollout_prediction_normalized,mean,0.453043
174,24,rmse_rollout_prediction_normalized,mean,0.648296
175,25,rmse_rollout_prediction_normalized,mean,0.460936
176,26,rmse_rollout_prediction_normalized,mean,0.454172
177,27,rmse_rollout_prediction_normalized,mean,0.481951
178,28,rmse_rollout_prediction_normalized,mean,0.454698
179,29,rmse_rollout_prediction_normalized,mean,0.395685
180,30,rmse_rollout_prediction_normalized,mean,0.449813
181,31,rmse_rollout_prediction_normalized,mean,0.454387
182,32,rmse_rollout_prediction_normalized,mean,0.456406
183,33,rmse_rollout_prediction_normalized,mean,0.452796
184,34,rmse_rollout_prediction_normalized,mean,0.453211
186,36,rmse_rollout_prediction_normalized,mean,0.459917
189,39,rmse_rollout_prediction_normalized,mean,0.452998
192,42,rmse_rollout_prediction_normalized,mean,0.460688
193,43,rmse_rollout_prediction_normalized,mean,0.610078
201,1,rmse_rollout_prediction_normalized,mean,0.589467
202,2,rmse_rollout_prediction_normalized,mean,0.590851
203,3,rmse_rollout_prediction_normalized,mean,0.287917
204,4,rmse_rollout_prediction_normalized,mean,0.419537
205,5,rmse_rollout_prediction_normalized,mean,0.351498
206,6,rmse_rollout_prediction_normalized,mean,0.554389
207,7,rmse_rollout_prediction_normalized,mean,0.454597
208,8,rmse_rollout_prediction_normalized,mean,0.387303
209,9,rmse_rollout_prediction_normalized,mean,0.440778
210,10,rmse_rollout_prediction_normalized,mean,0.316152
211,11,rmse_rollout_prediction_normalized,mean,0.565508
213,13,rmse_rollout_prediction_normalized,mean,0.437981
214,14,rmse_rollout_prediction_normalized,mean,0.455446
215,15,rmse_rollout_prediction_normalized,mean,0.453397
216,16,rmse_rollout_prediction_normalized,mean,0.363229
217,17,rmse_rollout_prediction_normalized,mean,0.453711
218,18,rmse_rollout_prediction_normalized,mean,0.427036
219,19,rmse_rollout_prediction_normalized,mean,0.461932
220,20,rmse_rollout_prediction_normalized,mean,0.462050
221,21,rmse_rollout_prediction_normalized,mean,0.451709
222,22,rmse_rollout_prediction_normalized,mean,0.452835
223,23,rmse_rollout_prediction_normalized,mean,0.413230
224,24,rmse_rollout_prediction_normalized,mean,0.368941
225,25,rmse_rollout_prediction_normalized,mean,0.462161
226,26,rmse_rollout_prediction_normalized,mean,0.440685
227,27,rmse_rollout_prediction_normalized,mean,0.463096
228,28,rmse_rollout_prediction_normalized,mean,0.489315
229,29,rmse_rollout_prediction_normalized,mean,0.529462
230,30,rmse_rollout_prediction_normalized,mean,0.453167
231,31,rmse_rollout_prediction_normalized,mean,0.453173
232,32,rmse_rollout_prediction_normalized,mean,0.453266
233,33,rmse_rollout_prediction_normalized,mean,0.451831
234,34,rmse_rollout_prediction_normalized,mean,0.454612
235,35,rmse_rollout_prediction_normalized,mean,0.442137
236,36,rmse_rollout_prediction_normalized,mean,0.452827
237,37,rmse_rollout_prediction_normalized,mean,0.506819
238,38,rmse_rollout_prediction_normalized,mean,0.439697
240,40,rmse_rollout_prediction_normalized,mean,0.450489
245,45,rmse_rollout_prediction_normalized,mean,0.453314
248,48,rmse_rollout_prediction_normalized,mean,0.791068
